cnpj,mes_ref,valor_iss,valor_base_calculo
95822412000124,2023-11-01,3543.15,70863.09
95822412000124,2023-12-01,0.0,0.0
95822412000124,2024-01-01,3007.85,60156.96
95822412000124,2024-02-01,2097.71,41954.25
95822412000124,2024-03-01,1987.22,39744.42
95822412000124,2024-04-01,2924.36,58487.21
95822412000124,2024-05-01,2673.15,53462.95
95822412000124,2024-06-01,2864.58,57291.63
95822412000124,2024-07-01,2308.04,46160.85
95822412000124,2024-08-01,3238.85,64776.91
95822412000124,2024-09-01,3767.04,75340.87
95822412000124,2024-10-01,2874.66,57493.15
95822412000124,2024-11-01,3125.06,62501.2
95822412000124,2024-12-01,2444.15,48883.01
95822412000124,2025-01-01,2509.76,50195.18
95822412000124,2025-02-01,3435.12,68702.43
95822412000124,2025-03-01,3273.64,65472.81
95822412000124,2025-04-01,2932.42,58648.32
95822412000124,2025-05-01,2919.16,58383.14
95822412000124,2025-06-01,2469.38,49387.63
95822412000124,2025-07-01,3132.28,62645.65
95822412000124,2025-08-01,3053.07,61061.45
95822412000124,2025-09-01,2337.32,46746.4
95822412000124,2025-10-01,2759.96,55199.28
13356886000145,2023-11-01,6510.42,130208.45
13356886000145,2023-12-01,6696.44,133928.79
13356886000145,2024-01-01,5973.6,119472.08
13356886000145,2024-02-01,6080.65,121612.99
13356886000145,2024-03-01,6292.0,125840.02
13356886000145,2024-04-01,6231.58,124631.62
13356886000145,2024-05-01,6111.75,122235.07
13356886000145,2024-06-01,6036.0,120720.04
13356886000145,2024-07-01,5845.9,116917.95
13356886000145,2024-08-01,5844.5,116890.09
13356886000145,2024-09-01,6657.54,133150.89
13356886000145,2024-10-01,5967.01,119340.21
13356886000145,2024-11-01,6609.97,132199.36
13356886000145,2024-12-01,6357.0,127140.01
13356886000145,2025-01-01,5820.43,116408.6
13356886000145,2025-02-01,5981.05,119621.04
13356886000145,2025-03-01,5711.15,114222.96
13356886000145,2025-04-01,6040.3,120805.94
13356886000145,2025-05-01,6393.34,127866.78
13356886000145,2025-06-01,5853.01,117060.25
13356886000145,2025-07-01,6314.29,126285.82
13356886000145,2025-08-01,6419.53,128390.69
13356886000145,2025-09-01,6250.51,125010.28
13356886000145,2025-10-01,5758.25,115164.96
42868828000138,2023-11-01,12722.7,254453.99
42868828000138,2023-12-01,13934.91,278698.25
42868828000138,2024-01-01,11389.81,227796.15
42868828000138,2024-02-01,12209.32,244186.41
42868828000138,2024-03-01,11226.87,224537.34
42868828000138,2024-04-01,13812.34,276246.88
42868828000138,2024-05-01,11795.17,235903.37
42868828000138,2024-06-01,12986.66,259733.1
42868828000138,2024-07-01,15157.63,303152.65
42868828000138,2024-08-01,12217.51,244350.14
42868828000138,2024-09-01,13829.9,276598.05
42868828000138,2024-10-01,15620.94,312418.78
42868828000138,2024-11-01,11717.47,234349.33
42868828000138,2024-12-01,11431.46,228629.19
42868828000138,2025-01-01,0.0,0.0
42868828000138,2025-02-01,12986.6,259731.96
42868828000138,2025-03-01,12142.67,242853.44
42868828000138,2025-04-01,14345.68,286913.64
42868828000138,2025-05-01,13005.29,260105.86
42868828000138,2025-06-01,15495.45,309909.0
42868828000138,2025-07-01,13911.66,278233.19
42868828000138,2025-08-01,15547.16,310943.2
42868828000138,2025-09-01,13485.07,269701.36
42868828000138,2025-10-01,15413.31,308266.18
28728463000123,2023-11-01,4587.42,91748.38
28728463000123,2023-12-01,4639.35,92786.94
28728463000123,2024-01-01,4006.77,80135.39
28728463000123,2024-02-01,3784.9,75698.08
28728463000123,2024-03-01,3732.59,74651.86
28728463000123,2024-04-01,4004.48,80089.57
28728463000123,2024-05-01,4746.42,94928.44
28728463000123,2024-06-01,0.0,0.0
28728463000123,2024-07-01,3661.43,73228.57
28728463000123,2024-08-01,4698.94,93978.77
28728463000123,2024-09-01,3319.46,66389.11
28728463000123,2024-10-01,4634.72,92694.33
28728463000123,2024-11-01,4538.93,90778.55
28728463000123,2024-12-01,4137.87,82757.46
28728463000123,2025-01-01,3742.3,74846.03
28728463000123,2025-02-01,4001.4,80028.01
28728463000123,2025-03-01,4877.23,97544.66
28728463000123,2025-04-01,3956.17,79123.32
28728463000123,2025-05-01,3457.2,69144.04
28728463000123,2025-06-01,3961.58,79231.63
28728463000123,2025-07-01,4373.8,87475.91
28728463000123,2025-08-01,0.0,0.0
28728463000123,2025-09-01,3430.03,68600.64
28728463000123,2025-10-01,3475.8,69516.0
83197857000121,2023-11-01,0.0,0.0
83197857000121,2023-12-01,6787.5,135750.02
83197857000121,2024-01-01,3827.72,76554.36
83197857000121,2024-02-01,5891.63,117832.68
83197857000121,2024-03-01,5235.92,104718.36
83197857000121,2024-04-01,4600.56,92011.29
83197857000121,2024-05-01,4676.72,93534.3
83197857000121,2024-06-01,0.0,0.0
83197857000121,2024-07-01,5918.46,118369.22
83197857000121,2024-08-01,6208.06,124161.28
83197857000121,2024-09-01,3680.56,73611.17
83197857000121,2024-10-01,4446.78,88935.51
83197857000121,2024-11-01,4042.87,80857.5
83197857000121,2024-12-01,5982.68,119653.64
83197857000121,2025-01-01,7017.29,140345.71
83197857000121,2025-02-01,6192.19,123843.85
83197857000121,2025-03-01,5382.82,107656.39
83197857000121,2025-04-01,5289.46,105789.15
83197857000121,2025-05-01,4323.0,86459.93
83197857000121,2025-06-01,6340.63,126812.55
83197857000121,2025-07-01,3884.38,77687.64
83197857000121,2025-08-01,6733.2,134664.01
83197857000121,2025-09-01,6491.04,129820.75
83197857000121,2025-10-01,3640.22,72804.44
89254563000164,2023-11-01,4685.54,93710.77
89254563000164,2023-12-01,5531.76,110635.12
89254563000164,2024-01-01,4402.07,88041.47
89254563000164,2024-02-01,5228.11,104562.13
89254563000164,2024-03-01,5732.21,114644.22
89254563000164,2024-04-01,5874.33,117486.66
89254563000164,2024-05-01,4101.44,82028.83
89254563000164,2024-06-01,4183.9,83678.0
89254563000164,2024-07-01,4368.37,87367.36
89254563000164,2024-08-01,4096.28,81925.64
89254563000164,2024-09-01,5315.66,106313.13
89254563000164,2024-10-01,3416.77,68335.39
89254563000164,2024-11-01,3340.08,66801.6
89254563000164,2024-12-01,3950.26,79005.26
89254563000164,2025-01-01,5471.79,109435.73
89254563000164,2025-02-01,0.0,0.0
89254563000164,2025-03-01,3393.19,67863.85
89254563000164,2025-04-01,5842.25,116845.02
89254563000164,2025-05-01,5283.42,105668.49
89254563000164,2025-06-01,4814.06,96281.18
89254563000164,2025-07-01,3203.86,64077.27
89254563000164,2025-08-01,4965.6,99311.99
89254563000164,2025-09-01,5795.34,115906.84
89254563000164,2025-10-01,5597.53,111950.58
14265799000113,2023-11-01,421.42,8428.35
14265799000113,2023-12-01,663.58,13271.56
14265799000113,2024-01-01,812.58,16251.59
14265799000113,2024-02-01,583.36,11667.17
14265799000113,2024-03-01,664.63,13292.61
14265799000113,2024-04-01,587.31,11746.15
14265799000113,2024-05-01,0.0,0.0
14265799000113,2024-06-01,730.7,14613.9
14265799000113,2024-07-01,559.3,11186.07
14265799000113,2024-08-01,622.9,12457.98
14265799000113,2024-09-01,729.22,14584.42
14265799000113,2024-10-01,438.94,8778.77
14265799000113,2024-11-01,658.92,13178.4
14265799000113,2024-12-01,778.16,15563.29
14265799000113,2025-01-01,594.42,11888.31
14265799000113,2025-02-01,0.0,0.0
14265799000113,2025-03-01,734.15,14682.98
14265799000113,2025-04-01,682.47,13649.49
14265799000113,2025-05-01,586.51,11730.3
14265799000113,2025-06-01,645.85,12916.91
14265799000113,2025-07-01,579.43,11588.56
14265799000113,2025-08-01,750.69,15013.88
14265799000113,2025-09-01,563.31,11266.23
14265799000113,2025-10-01,503.31,10066.24
22575562000137,2023-11-01,618.58,12371.56
22575562000137,2023-12-01,487.82,9756.36
22575562000137,2024-01-01,0.0,0.0
22575562000137,2024-02-01,890.28,17805.61
22575562000137,2024-03-01,942.09,18841.79
22575562000137,2024-04-01,833.05,16660.98
22575562000137,2024-05-01,908.36,18167.13
22575562000137,2024-06-01,587.19,11743.82
22575562000137,2024-07-01,581.89,11637.71
22575562000137,2024-08-01,596.98,11939.61
22575562000137,2024-09-01,843.69,16873.87
22575562000137,2024-10-01,542.64,10852.72
22575562000137,2024-11-01,0.0,0.0
22575562000137,2024-12-01,0.0,0.0
22575562000137,2025-01-01,651.51,13030.19
22575562000137,2025-02-01,911.55,18231.03
22575562000137,2025-03-01,675.68,13513.67
22575562000137,2025-04-01,852.78,17055.66
22575562000137,2025-05-01,651.99,13039.71
22575562000137,2025-06-01,607.43,12148.69
22575562000137,2025-07-01,913.66,18273.23
22575562000137,2025-08-01,939.12,18782.42
22575562000137,2025-09-01,892.82,17856.49
22575562000137,2025-10-01,700.9,14018.01
41227216000174,2023-11-01,8038.24,160764.81
41227216000174,2023-12-01,8374.94,167498.7
41227216000174,2024-01-01,7882.11,157642.25
41227216000174,2024-02-01,0.0,0.0
41227216000174,2024-03-01,7128.87,142577.45
41227216000174,2024-04-01,7511.81,150236.23
41227216000174,2024-05-01,7263.74,145274.78
41227216000174,2024-06-01,8263.5,165270.01
41227216000174,2024-07-01,0.0,0.0
41227216000174,2024-08-01,8105.96,162119.12
41227216000174,2024-09-01,8193.14,163862.77
41227216000174,2024-10-01,5798.54,115970.76
41227216000174,2024-11-01,8176.65,163532.92
41227216000174,2024-12-01,6768.36,135367.2
41227216000174,2025-01-01,8280.28,165605.56
41227216000174,2025-02-01,7005.36,140107.21
41227216000174,2025-03-01,8114.46,162289.12
41227216000174,2025-04-01,6895.81,137916.15
41227216000174,2025-05-01,7709.42,154188.36
41227216000174,2025-06-01,6798.8,135975.99
41227216000174,2025-07-01,6055.15,121102.95
41227216000174,2025-08-01,5899.16,117983.29
41227216000174,2025-09-01,6767.85,135357.08
41227216000174,2025-10-01,5712.82,114256.36
90801586000113,2023-11-01,5670.79,113415.78
90801586000113,2023-12-01,5576.74,111534.73
90801586000113,2024-01-01,5582.07,111641.36
90801586000113,2024-02-01,5900.31,118006.16
90801586000113,2024-03-01,5477.19,109543.71
90801586000113,2024-04-01,6249.16,124983.18
90801586000113,2024-05-01,5265.93,105318.56
90801586000113,2024-06-01,5894.19,117883.81
90801586000113,2024-07-01,5218.8,104375.97
90801586000113,2024-08-01,6294.81,125896.3
90801586000113,2024-09-01,5396.13,107922.63
90801586000113,2024-10-01,5796.38,115927.64
90801586000113,2024-11-01,6093.24,121864.73
90801586000113,2024-12-01,6048.87,120977.44
90801586000113,2025-01-01,5844.29,116885.8
90801586000113,2025-02-01,6289.32,125786.37
90801586000113,2025-03-01,5780.33,115606.7
90801586000113,2025-04-01,5286.86,105737.22
90801586000113,2025-05-01,5311.95,106239.01
90801586000113,2025-06-01,6065.0,121300.0
90801586000113,2025-07-01,5178.89,103577.82
90801586000113,2025-08-01,5306.16,106123.3
90801586000113,2025-09-01,5291.13,105822.61
90801586000113,2025-10-01,5674.89,113497.88
85329037000135,2023-11-01,1166.8,23336.03
85329037000135,2023-12-01,0.0,0.0
85329037000135,2024-01-01,1876.08,37521.56
85329037000135,2024-02-01,1600.67,32013.44
85329037000135,2024-03-01,2066.29,41325.83
85329037000135,2024-04-01,1555.99,31119.83
85329037000135,2024-05-01,1773.89,35477.82
85329037000135,2024-06-01,2009.14,40182.75
85329037000135,2024-07-01,1137.07,22741.33
85329037000135,2024-08-01,1121.17,22423.43
85329037000135,2024-09-01,1718.11,34362.19
85329037000135,2024-10-01,1394.19,27883.73
85329037000135,2024-11-01,1610.25,32205.03
85329037000135,2024-12-01,1689.02,33780.4
85329037000135,2025-01-01,1790.39,35807.79
85329037000135,2025-02-01,1736.88,34737.57
85329037000135,2025-03-01,1810.44,36208.85
85329037000135,2025-04-01,1527.14,30542.72
85329037000135,2025-05-01,1408.65,28172.97
85329037000135,2025-06-01,1489.72,29794.38
85329037000135,2025-07-01,1501.05,30021.09
85329037000135,2025-08-01,1445.86,28917.19
85329037000135,2025-09-01,2023.11,40462.27
85329037000135,2025-10-01,1927.15,38543.01
97226012000199,2023-11-01,8215.05,164300.91
97226012000199,2023-12-01,6375.82,127516.33
97226012000199,2024-01-01,8849.71,176994.12
97226012000199,2024-02-01,7991.83,159836.54
97226012000199,2024-03-01,8601.22,172024.41
97226012000199,2024-04-01,7252.28,145045.66
97226012000199,2024-05-01,6140.34,122806.9
97226012000199,2024-06-01,6921.57,138431.46
97226012000199,2024-07-01,7505.13,150102.68
97226012000199,2024-08-01,7429.64,148592.73
97226012000199,2024-09-01,7034.31,140686.23
97226012000199,2024-10-01,6330.23,126604.6
97226012000199,2024-11-01,6663.29,133265.84
97226012000199,2024-12-01,7665.43,153308.56
97226012000199,2025-01-01,7847.29,156945.76
97226012000199,2025-02-01,7652.78,153055.58
97226012000199,2025-03-01,7955.36,159107.28
97226012000199,2025-04-01,6073.02,121460.39
97226012000199,2025-05-01,8268.39,165367.71
97226012000199,2025-06-01,7037.03,140740.67
97226012000199,2025-07-01,6415.13,128302.7
97226012000199,2025-08-01,6194.64,123892.78
97226012000199,2025-09-01,8895.16,177903.19
97226012000199,2025-10-01,7574.19,151483.74
83140807000163,2023-11-01,12046.53,240930.69
83140807000163,2023-12-01,14114.13,282282.67
83140807000163,2024-01-01,10597.44,211948.9
83140807000163,2024-02-01,10965.71,219314.18
83140807000163,2024-03-01,13591.28,271825.61
83140807000163,2024-04-01,13530.13,270602.68
83140807000163,2024-05-01,12412.45,248249.04
83140807000163,2024-06-01,14002.86,280057.17
83140807000163,2024-07-01,12350.79,247015.89
83140807000163,2024-08-01,13614.24,272284.85
83140807000163,2024-09-01,0.0,0.0
83140807000163,2024-10-01,12174.67,243493.48
83140807000163,2024-11-01,10204.7,204093.92
83140807000163,2024-12-01,11239.29,224785.74
83140807000163,2025-01-01,11464.38,229287.64
83140807000163,2025-02-01,10204.91,204098.28
83140807000163,2025-03-01,11058.65,221172.96
83140807000163,2025-04-01,13742.25,274845.06
83140807000163,2025-05-01,14401.41,288028.14
83140807000163,2025-06-01,10531.97,210639.41
83140807000163,2025-07-01,0.0,0.0
83140807000163,2025-08-01,14847.72,296954.4
83140807000163,2025-09-01,13092.1,261842.0
83140807000163,2025-10-01,13771.87,275437.48
39587039000167,2023-11-01,8971.04,179420.84
39587039000167,2023-12-01,8101.33,162026.64
39587039000167,2024-01-01,9176.44,183528.78
39587039000167,2024-02-01,8809.98,176199.54
39587039000167,2024-03-01,7855.11,157102.15
39587039000167,2024-04-01,8953.95,179078.98
39587039000167,2024-05-01,10707.38,214147.6
39587039000167,2024-06-01,8286.71,165734.29
39587039000167,2024-07-01,7745.13,154902.59
39587039000167,2024-08-01,9439.44,188788.83
39587039000167,2024-09-01,10355.64,207112.9
39587039000167,2024-10-01,11034.51,220690.14
39587039000167,2024-11-01,8011.13,160222.51
39587039000167,2024-12-01,8415.02,168300.32
39587039000167,2025-01-01,8030.45,160608.95
39587039000167,2025-02-01,7741.3,154826.04
39587039000167,2025-03-01,9802.55,196050.91
39587039000167,2025-04-01,9563.02,191260.46
39587039000167,2025-05-01,10000.93,200018.61
39587039000167,2025-06-01,9858.66,197173.16
39587039000167,2025-07-01,8665.83,173316.58
39587039000167,2025-08-01,8639.46,172789.19
39587039000167,2025-09-01,9209.35,184187.09
39587039000167,2025-10-01,10430.63,208612.51
89089901000145,2023-11-01,2408.24,48164.77
89089901000145,2023-12-01,2381.58,47631.67
89089901000145,2024-01-01,2564.24,51284.74
89089901000145,2024-02-01,2579.89,51597.86
89089901000145,2024-03-01,2460.02,49200.45
89089901000145,2024-04-01,2386.78,47735.53
89089901000145,2024-05-01,2545.06,50901.15
89089901000145,2024-06-01,2380.53,47610.7
89089901000145,2024-07-01,2477.74,49554.7
89089901000145,2024-08-01,2392.99,47859.78
89089901000145,2024-09-01,2194.0,43879.93
89089901000145,2024-10-01,2596.67,51933.34
89089901000145,2024-11-01,2507.78,50155.67
89089901000145,2024-12-01,2247.23,44944.6
89089901000145,2025-01-01,2374.78,47495.51
89089901000145,2025-02-01,2415.65,48313.01
89089901000145,2025-03-01,2343.56,46871.18
89089901000145,2025-04-01,2360.83,47216.67
89089901000145,2025-05-01,2451.79,49035.75
89089901000145,2025-06-01,2475.56,49511.11
89089901000145,2025-07-01,2209.69,44193.82
89089901000145,2025-08-01,2300.9,46017.94
89089901000145,2025-09-01,2480.01,49600.16
89089901000145,2025-10-01,2584.24,51684.72
10872248000130,2023-11-01,6798.68,135973.69
10872248000130,2023-12-01,5354.52,107090.49
10872248000130,2024-01-01,6792.65,135852.97
10872248000130,2024-02-01,6983.49,139669.85
10872248000130,2024-03-01,6370.85,127416.95
10872248000130,2024-04-01,5429.09,108581.71
10872248000130,2024-05-01,6958.96,139179.19
10872248000130,2024-06-01,8161.81,163236.23
10872248000130,2024-07-01,4468.61,89372.29
10872248000130,2024-08-01,0.0,0.0
10872248000130,2024-09-01,5348.94,106978.87
10872248000130,2024-10-01,5483.26,109665.16
10872248000130,2024-11-01,4871.37,97427.37
10872248000130,2024-12-01,4719.91,94398.3
10872248000130,2025-01-01,7307.51,146150.23
10872248000130,2025-02-01,6292.58,125851.64
10872248000130,2025-03-01,6238.48,124769.55
10872248000130,2025-04-01,7668.26,153365.1
10872248000130,2025-05-01,6527.47,130549.35
10872248000130,2025-06-01,4825.76,96515.27
10872248000130,2025-07-01,6639.83,132796.55
10872248000130,2025-08-01,0.0,0.0
10872248000130,2025-09-01,5575.48,111509.66
10872248000130,2025-10-01,8049.12,160982.37
66722344000153,2023-11-01,626.02,12520.3
66722344000153,2023-12-01,434.88,8697.59
66722344000153,2024-01-01,626.22,12524.3
66722344000153,2024-02-01,419.03,8380.67
66722344000153,2024-03-01,551.13,11022.6
66722344000153,2024-04-01,620.97,12419.5
66722344000153,2024-05-01,527.44,10548.74
66722344000153,2024-06-01,407.82,8156.36
66722344000153,2024-07-01,563.15,11262.96
66722344000153,2024-08-01,369.26,7385.14
66722344000153,2024-09-01,481.22,9624.39
66722344000153,2024-10-01,600.61,12012.14
66722344000153,2024-11-01,394.7,7893.99
66722344000153,2024-12-01,407.21,8144.11
66722344000153,2025-01-01,531.1,10622.06
66722344000153,2025-02-01,383.13,7662.62
66722344000153,2025-03-01,637.56,12751.24
66722344000153,2025-04-01,677.49,13549.77
66722344000153,2025-05-01,490.08,9801.56
66722344000153,2025-06-01,486.47,9729.35
66722344000153,2025-07-01,429.75,8594.9
66722344000153,2025-08-01,385.72,7714.35
66722344000153,2025-09-01,468.61,9372.26
66722344000153,2025-10-01,364.39,7287.74
47295260000129,2023-11-01,2161.33,43226.59
47295260000129,2023-12-01,2165.27,43305.32
47295260000129,2024-01-01,1873.98,37479.59
47295260000129,2024-02-01,1978.25,39564.96
47295260000129,2024-03-01,2100.07,42001.46
47295260000129,2024-04-01,2091.32,41826.48
47295260000129,2024-05-01,1991.63,39832.65
47295260000129,2024-06-01,1891.66,37833.14
47295260000129,2024-07-01,2202.02,44040.42
47295260000129,2024-08-01,1917.91,38358.14
47295260000129,2024-09-01,0.0,0.0
47295260000129,2024-10-01,2086.17,41723.36
47295260000129,2024-11-01,1931.52,38630.33
47295260000129,2024-12-01,2127.53,42550.56
47295260000129,2025-01-01,2045.07,40901.37
47295260000129,2025-02-01,1907.41,38148.14
47295260000129,2025-03-01,1899.95,37998.94
47295260000129,2025-04-01,2082.82,41656.41
47295260000129,2025-05-01,2102.3,42045.94
47295260000129,2025-06-01,2067.35,41347.0
47295260000129,2025-07-01,2279.86,45597.26
47295260000129,2025-08-01,1878.55,37571.03
47295260000129,2025-09-01,2015.22,40304.35
47295260000129,2025-10-01,2133.12,42662.43
38898923000153,2023-11-01,14116.48,282329.69
38898923000153,2023-12-01,14741.47,294829.44
38898923000153,2024-01-01,16239.94,324798.73
38898923000153,2024-02-01,16698.26,333965.29
38898923000153,2024-03-01,14265.37,285307.41
38898923000153,2024-04-01,15891.58,317831.69
38898923000153,2024-05-01,13822.71,276454.13
38898923000153,2024-06-01,16120.28,322405.61
38898923000153,2024-07-01,14671.55,293430.93
38898923000153,2024-08-01,14923.29,298465.75
38898923000153,2024-09-01,0.0,0.0
38898923000153,2024-10-01,15680.92,313618.47
38898923000153,2024-11-01,0.0,0.0
38898923000153,2024-12-01,15707.83,314156.57
38898923000153,2025-01-01,16145.36,322907.28
38898923000153,2025-02-01,14928.76,298575.3
38898923000153,2025-03-01,16624.11,332482.14
38898923000153,2025-04-01,14279.2,285584.0
38898923000153,2025-05-01,14829.22,296584.3
38898923000153,2025-06-01,14522.64,290452.8
38898923000153,2025-07-01,15003.34,300066.82
38898923000153,2025-08-01,16741.77,334835.36
38898923000153,2025-09-01,14605.04,292100.79
38898923000153,2025-10-01,14709.09,294181.88
23718431000121,2023-11-01,7546.31,150926.26
23718431000121,2023-12-01,7675.19,153503.8
23718431000121,2024-01-01,6717.73,134354.6
23718431000121,2024-02-01,7176.49,143529.87
23718431000121,2024-03-01,7061.13,141222.66
23718431000121,2024-04-01,8056.95,161139.1
23718431000121,2024-05-01,7597.91,151958.27
23718431000121,2024-06-01,7839.84,156796.77
23718431000121,2024-07-01,8064.18,161283.59
23718431000121,2024-08-01,7553.64,151072.71
23718431000121,2024-09-01,6706.56,134131.1
23718431000121,2024-10-01,7806.44,156128.88
23718431000121,2024-11-01,7221.3,144425.95
23718431000121,2024-12-01,7549.97,150999.41
23718431000121,2025-01-01,8058.31,161166.28
23718431000121,2025-02-01,7783.62,155672.46
23718431000121,2025-03-01,7438.11,148762.27
23718431000121,2025-04-01,7615.73,152314.63
23718431000121,2025-05-01,6822.87,136457.41
23718431000121,2025-06-01,7393.13,147862.62
23718431000121,2025-07-01,7485.75,149715.07
23718431000121,2025-08-01,7040.04,140800.71
23718431000121,2025-09-01,8128.62,162572.48
23718431000121,2025-10-01,8010.48,160209.59
60992979000122,2023-11-01,5158.45,103169.05
60992979000122,2023-12-01,5143.87,102877.41
60992979000122,2024-01-01,5642.07,112841.47
60992979000122,2024-02-01,4879.8,97596.04
60992979000122,2024-03-01,4344.09,86881.77
60992979000122,2024-04-01,6082.6,121652.02
60992979000122,2024-05-01,5704.93,114098.65
60992979000122,2024-06-01,5549.03,110980.53
60992979000122,2024-07-01,5277.76,105555.24
60992979000122,2024-08-01,4630.28,92605.67
60992979000122,2024-09-01,0.0,0.0
60992979000122,2024-10-01,5372.99,107459.78
60992979000122,2024-11-01,5898.17,117963.33
60992979000122,2024-12-01,5494.85,109897.04
60992979000122,2025-01-01,4858.14,97162.8
60992979000122,2025-02-01,5719.79,114395.72
60992979000122,2025-03-01,5825.59,116511.87
60992979000122,2025-04-01,4362.63,87252.51
60992979000122,2025-05-01,5558.78,111175.7
60992979000122,2025-06-01,5638.24,112764.88
60992979000122,2025-07-01,6054.47,121089.41
60992979000122,2025-08-01,5553.43,111068.63
60992979000122,2025-09-01,6240.24,124804.8
60992979000122,2025-10-01,6123.37,122467.45
58181396000154,2023-11-01,4878.87,97577.37
58181396000154,2023-12-01,6214.16,124283.22
58181396000154,2024-01-01,6241.15,124822.97
58181396000154,2024-02-01,4836.36,96727.17
58181396000154,2024-03-01,4650.56,93011.19
58181396000154,2024-04-01,4816.04,96320.73
58181396000154,2024-05-01,5535.92,110718.43
58181396000154,2024-06-01,5592.16,111843.18
58181396000154,2024-07-01,5464.39,109287.8
58181396000154,2024-08-01,5557.2,111144.07
58181396000154,2024-09-01,4949.79,98995.86
58181396000154,2024-10-01,4322.13,86442.54
58181396000154,2024-11-01,4406.89,88137.71
58181396000154,2024-12-01,5867.5,117350.03
58181396000154,2025-01-01,4681.28,93625.53
58181396000154,2025-02-01,0.0,0.0
58181396000154,2025-03-01,6117.31,122346.13
58181396000154,2025-04-01,5594.11,111882.14
58181396000154,2025-05-01,4753.42,95068.34
58181396000154,2025-06-01,5094.78,101895.62
58181396000154,2025-07-01,5693.01,113860.1
58181396000154,2025-08-01,5114.96,102299.17
58181396000154,2025-09-01,4955.24,99104.82
58181396000154,2025-10-01,6059.05,121181.04
91030736000143,2023-11-01,21665.42,433308.42
91030736000143,2023-12-01,19272.16,385443.26
91030736000143,2024-01-01,19068.68,381373.66
91030736000143,2024-02-01,18864.33,377286.66
91030736000143,2024-03-01,18189.05,363781.02
91030736000143,2024-04-01,19326.01,386520.3
91030736000143,2024-05-01,18788.36,375767.11
91030736000143,2024-06-01,18437.89,368757.83
91030736000143,2024-07-01,20091.82,401836.39
91030736000143,2024-08-01,20825.56,416511.23
91030736000143,2024-09-01,19842.69,396853.7
91030736000143,2024-10-01,0.0,0.0
91030736000143,2024-11-01,21546.16,430923.11
91030736000143,2024-12-01,21631.05,432620.91
91030736000143,2025-01-01,19202.34,384046.87
91030736000143,2025-02-01,19764.22,395284.35
91030736000143,2025-03-01,20394.81,407896.19
91030736000143,2025-04-01,19929.6,398592.03
91030736000143,2025-05-01,19511.11,390222.2
91030736000143,2025-06-01,20684.64,413692.87
91030736000143,2025-07-01,19253.95,385079.01
91030736000143,2025-08-01,20062.52,401250.34
91030736000143,2025-09-01,19995.02,399900.35
91030736000143,2025-10-01,19801.26,396025.19
15831819000168,2023-11-01,7683.21,153664.27
15831819000168,2023-12-01,7374.07,147481.47
15831819000168,2024-01-01,6631.97,132639.33
15831819000168,2024-02-01,7916.19,158323.75
15831819000168,2024-03-01,7019.96,140399.28
15831819000168,2024-04-01,7361.69,147233.88
15831819000168,2024-05-01,0.0,0.0
15831819000168,2024-06-01,7522.03,150440.56
15831819000168,2024-07-01,7241.76,144835.12
15831819000168,2024-08-01,7781.06,155621.26
15831819000168,2024-09-01,7836.23,156724.61
15831819000168,2024-10-01,7059.42,141188.42
15831819000168,2024-11-01,7708.16,154163.2
15831819000168,2024-12-01,7224.42,144488.34
15831819000168,2025-01-01,7199.21,143984.29
15831819000168,2025-02-01,0.0,0.0
15831819000168,2025-03-01,6970.38,139407.61
15831819000168,2025-04-01,7093.45,141869.0
15831819000168,2025-05-01,7789.19,155783.87
15831819000168,2025-06-01,7400.36,148007.14
15831819000168,2025-07-01,6875.58,137511.54
15831819000168,2025-08-01,7894.93,157898.68
15831819000168,2025-09-01,6820.77,136415.4
15831819000168,2025-10-01,7185.66,143713.11
81971316000125,2023-11-01,2123.7,42473.91
81971316000125,2023-12-01,1504.89,30097.83
81971316000125,2024-01-01,1352.53,27050.61
81971316000125,2024-02-01,0.0,0.0
81971316000125,2024-03-01,1722.43,34448.62
81971316000125,2024-04-01,2216.48,44329.55
81971316000125,2024-05-01,2327.23,46544.64
81971316000125,2024-06-01,2455.52,49110.41
81971316000125,2024-07-01,1392.8,27855.93
81971316000125,2024-08-01,1582.99,31659.81
81971316000125,2024-09-01,2179.41,43588.14
81971316000125,2024-10-01,1722.51,34450.2
81971316000125,2024-11-01,2507.06,50141.14
81971316000125,2024-12-01,1775.66,35513.12
81971316000125,2025-01-01,2256.37,45127.36
81971316000125,2025-02-01,2220.17,44403.32
81971316000125,2025-03-01,1563.22,31264.44
81971316000125,2025-04-01,2042.87,40857.3
81971316000125,2025-05-01,2586.76,51735.13
81971316000125,2025-06-01,1690.06,33801.22
81971316000125,2025-07-01,2235.47,44709.47
81971316000125,2025-08-01,1768.47,35369.32
81971316000125,2025-09-01,2354.02,47080.45
81971316000125,2025-10-01,1470.93,29418.61
60806024000120,2023-11-01,7942.44,158848.76
60806024000120,2023-12-01,7131.93,142638.58
60806024000120,2024-01-01,0.0,0.0
60806024000120,2024-02-01,8030.1,160601.98
60806024000120,2024-03-01,7984.02,159680.4
60806024000120,2024-04-01,7723.96,154479.28
60806024000120,2024-05-01,7842.63,156852.5
60806024000120,2024-06-01,7451.18,149023.53
60806024000120,2024-07-01,6784.68,135693.56
60806024000120,2024-08-01,6976.12,139522.33
60806024000120,2024-09-01,7956.31,159126.19
60806024000120,2024-10-01,6966.63,139332.58
60806024000120,2024-11-01,7110.08,142201.67
60806024000120,2024-12-01,7626.6,152531.96
60806024000120,2025-01-01,8043.65,160872.97
60806024000120,2025-02-01,6856.38,137127.69
60806024000120,2025-03-01,7920.19,158403.84
60806024000120,2025-04-01,7581.48,151629.54
60806024000120,2025-05-01,7046.72,140934.34
60806024000120,2025-06-01,6710.98,134219.69
60806024000120,2025-07-01,7584.07,151681.36
60806024000120,2025-08-01,7711.23,154224.57
60806024000120,2025-09-01,6678.8,133576.02
60806024000120,2025-10-01,7239.02,144780.32
84093639000147,2023-11-01,5801.7,116034.06
84093639000147,2023-12-01,4830.38,96607.58
84093639000147,2024-01-01,5733.87,114677.48
84093639000147,2024-02-01,0.0,0.0
84093639000147,2024-03-01,4970.87,99417.4
84093639000147,2024-04-01,5774.26,115485.17
84093639000147,2024-05-01,5786.08,115721.54
84093639000147,2024-06-01,4827.53,96550.61
84093639000147,2024-07-01,5518.87,110377.4
84093639000147,2024-08-01,4244.68,84893.63
84093639000147,2024-09-01,4186.0,83719.92
84093639000147,2024-10-01,4369.45,87388.92
84093639000147,2024-11-01,5297.34,105946.84
84093639000147,2024-12-01,4970.52,99410.41
84093639000147,2025-01-01,4211.16,84223.23
84093639000147,2025-02-01,5607.88,112157.61
84093639000147,2025-03-01,4868.89,97377.87
84093639000147,2025-04-01,5166.95,103338.95
84093639000147,2025-05-01,4143.64,82872.75
84093639000147,2025-06-01,4351.6,87032.06
84093639000147,2025-07-01,4327.36,86547.12
84093639000147,2025-08-01,5718.2,114364.03
84093639000147,2025-09-01,0.0,0.0
84093639000147,2025-10-01,5136.8,102736.07
94374605000189,2023-11-01,10329.85,206597.0
94374605000189,2023-12-01,8362.57,167251.42
94374605000189,2024-01-01,11318.47,226369.32
94374605000189,2024-02-01,10725.01,214500.28
94374605000189,2024-03-01,10217.27,204345.41
94374605000189,2024-04-01,9167.29,183345.84
94374605000189,2024-05-01,11451.1,229022.04
94374605000189,2024-06-01,9505.85,190116.9
94374605000189,2024-07-01,9190.84,183816.75
94374605000189,2024-08-01,11278.55,225570.97
94374605000189,2024-09-01,10849.52,216990.32
94374605000189,2024-10-01,10694.11,213882.18
94374605000189,2024-11-01,10051.17,201023.42
94374605000189,2024-12-01,9778.93,195578.69
94374605000189,2025-01-01,9144.99,182899.85
94374605000189,2025-02-01,8178.62,163572.34
94374605000189,2025-03-01,11240.18,224803.63
94374605000189,2025-04-01,9822.12,196442.43
94374605000189,2025-05-01,11052.76,221055.3
94374605000189,2025-06-01,10378.29,207565.73
94374605000189,2025-07-01,9636.91,192738.24
94374605000189,2025-08-01,9469.08,189381.52
94374605000189,2025-09-01,8255.03,165100.68
94374605000189,2025-10-01,9927.64,198552.79
58537831000183,2023-11-01,14739.91,294798.14
58537831000183,2023-12-01,15002.84,300056.77
58537831000183,2024-01-01,0.0,0.0
58537831000183,2024-02-01,13671.08,273421.7
58537831000183,2024-03-01,15504.22,310084.36
58537831000183,2024-04-01,12893.61,257872.13
58537831000183,2024-05-01,12788.39,255767.83
58537831000183,2024-06-01,14868.85,297376.96
58537831000183,2024-07-01,15459.66,309193.16
58537831000183,2024-08-01,13885.08,277701.66
58537831000183,2024-09-01,13778.18,275563.61
58537831000183,2024-10-01,15257.7,305154.03
58537831000183,2024-11-01,14625.48,292509.55
58537831000183,2024-12-01,14220.72,284414.45
58537831000183,2025-01-01,13680.23,273604.62
58537831000183,2025-02-01,14214.96,284299.22
58537831000183,2025-03-01,14752.83,295056.52
58537831000183,2025-04-01,0.0,0.0
58537831000183,2025-05-01,13540.81,270816.13
58537831000183,2025-06-01,14235.24,284704.84
58537831000183,2025-07-01,15022.33,300446.61
58537831000183,2025-08-01,13675.69,273513.74
58537831000183,2025-09-01,15344.18,306883.5
58537831000183,2025-10-01,13017.28,260345.61
35808537000118,2023-11-01,2931.02,58620.5
35808537000118,2023-12-01,3088.1,61762.08
35808537000118,2024-01-01,2617.21,52344.26
35808537000118,2024-02-01,2834.48,56689.58
35808537000118,2024-03-01,3078.46,61569.21
35808537000118,2024-04-01,2604.0,52080.04
35808537000118,2024-05-01,2887.95,57759.07
35808537000118,2024-06-01,3023.36,60467.28
35808537000118,2024-07-01,3147.95,62959.06
35808537000118,2024-08-01,3103.78,62075.59
35808537000118,2024-09-01,2909.57,58191.31
35808537000118,2024-10-01,3047.61,60952.28
35808537000118,2024-11-01,3080.78,61615.58
35808537000118,2024-12-01,2877.35,57546.95
35808537000118,2025-01-01,2736.33,54726.51
35808537000118,2025-02-01,2917.7,58353.97
35808537000118,2025-03-01,2679.01,53580.21
35808537000118,2025-04-01,0.0,0.0
35808537000118,2025-05-01,2776.01,55520.29
35808537000118,2025-06-01,2797.07,55941.35
35808537000118,2025-07-01,2977.66,59553.23
35808537000118,2025-08-01,2750.5,55009.99
35808537000118,2025-09-01,2886.9,57738.08
35808537000118,2025-10-01,2707.78,54155.66
16150444000194,2023-11-01,8893.47,177869.33
16150444000194,2023-12-01,8121.99,162439.85
16150444000194,2024-01-01,8105.83,162116.59
16150444000194,2024-02-01,7109.19,142183.74
16150444000194,2024-03-01,8389.26,167785.23
16150444000194,2024-04-01,9024.56,180491.13
16150444000194,2024-05-01,8636.11,172722.28
16150444000194,2024-06-01,7190.34,143806.82
16150444000194,2024-07-01,8250.48,165009.6
16150444000194,2024-08-01,6935.82,138716.39
16150444000194,2024-09-01,8635.23,172704.56
16150444000194,2024-10-01,7858.93,157178.68
16150444000194,2024-11-01,7394.8,147895.9
16150444000194,2024-12-01,6388.0,127760.03
16150444000194,2025-01-01,9388.89,187777.9
16150444000194,2025-02-01,9507.74,190154.82
16150444000194,2025-03-01,7108.35,142166.91
16150444000194,2025-04-01,6987.64,139752.87
16150444000194,2025-05-01,8089.32,161786.47
16150444000194,2025-06-01,7545.98,150919.63
16150444000194,2025-07-01,7478.14,149562.86
16150444000194,2025-08-01,7964.87,159297.45
16150444000194,2025-09-01,6651.96,133039.14
16150444000194,2025-10-01,7827.54,156550.83
40587988000147,2023-11-01,0.0,0.0
40587988000147,2023-12-01,19802.0,396040.02
40587988000147,2024-01-01,16672.03,333440.63
40587988000147,2024-02-01,18768.16,375363.21
40587988000147,2024-03-01,17701.88,354037.66
40587988000147,2024-04-01,17461.29,349225.77
40587988000147,2024-05-01,17519.29,350385.77
40587988000147,2024-06-01,20095.04,401900.76
40587988000147,2024-07-01,19430.17,388603.37
40587988000147,2024-08-01,19283.23,385664.66
40587988000147,2024-09-01,18313.35,366266.91
40587988000147,2024-10-01,17912.24,358244.88
40587988000147,2024-11-01,18629.78,372595.58
40587988000147,2024-12-01,19895.32,397906.46
40587988000147,2025-01-01,20145.88,402917.6
40587988000147,2025-02-01,19709.65,394193.02
40587988000147,2025-03-01,0.0,0.0
40587988000147,2025-04-01,16635.72,332714.41
40587988000147,2025-05-01,18940.45,378808.92
40587988000147,2025-06-01,17169.69,343393.87
40587988000147,2025-07-01,18295.55,365911.09
40587988000147,2025-08-01,18966.39,379327.73
40587988000147,2025-09-01,19981.66,399633.16
40587988000147,2025-10-01,16670.23,333404.59
20709497000139,2023-11-01,4709.83,94196.69
20709497000139,2023-12-01,4984.26,99685.21
20709497000139,2024-01-01,4715.36,94307.17
20709497000139,2024-02-01,5401.07,108021.48
20709497000139,2024-03-01,5647.16,112943.17
20709497000139,2024-04-01,4798.0,95960.08
20709497000139,2024-05-01,4897.82,97956.36
20709497000139,2024-06-01,5548.45,110969.01
20709497000139,2024-07-01,5111.78,102235.53
20709497000139,2024-08-01,5121.31,102426.16
20709497000139,2024-09-01,5731.15,114622.98
20709497000139,2024-10-01,5411.52,108230.43
20709497000139,2024-11-01,5379.89,107597.72
20709497000139,2024-12-01,5490.38,109807.62
20709497000139,2025-01-01,5093.37,101867.4
20709497000139,2025-02-01,0.0,0.0
20709497000139,2025-03-01,4876.37,97527.36
20709497000139,2025-04-01,5150.41,103008.27
20709497000139,2025-05-01,5288.15,105763.01
20709497000139,2025-06-01,4797.01,95940.2
20709497000139,2025-07-01,4741.88,94837.65
20709497000139,2025-08-01,5603.67,112073.49
20709497000139,2025-09-01,0.0,0.0
20709497000139,2025-10-01,4775.07,95501.49
23556182000158,2023-11-01,0.0,0.0
23556182000158,2023-12-01,4337.15,86742.96
23556182000158,2024-01-01,4410.69,88213.71
23556182000158,2024-02-01,3940.23,78804.64
23556182000158,2024-03-01,3144.3,62885.96
23556182000158,2024-04-01,2613.96,52279.2
23556182000158,2024-05-01,4125.51,82510.26
23556182000158,2024-06-01,4264.65,85292.99
23556182000158,2024-07-01,3947.78,78955.51
23556182000158,2024-08-01,4471.42,89428.38
23556182000158,2024-09-01,3374.78,67495.58
23556182000158,2024-10-01,2369.41,47388.19
23556182000158,2024-11-01,4134.56,82691.24
23556182000158,2024-12-01,3977.9,79557.99
23556182000158,2025-01-01,3140.72,62814.32
23556182000158,2025-02-01,2315.28,46305.65
23556182000158,2025-03-01,4480.66,89613.13
23556182000158,2025-04-01,3048.76,60975.28
23556182000158,2025-05-01,3219.75,64394.9
23556182000158,2025-06-01,3734.29,74685.87
23556182000158,2025-07-01,3639.72,72794.47
23556182000158,2025-08-01,3852.21,77044.12
23556182000158,2025-09-01,2595.46,51909.11
23556182000158,2025-10-01,3674.09,73481.89
47308985000168,2023-11-01,8052.57,161051.43
47308985000168,2023-12-01,9412.49,188249.75
47308985000168,2024-01-01,8093.81,161876.19
47308985000168,2024-02-01,9359.52,187190.48
47308985000168,2024-03-01,9673.16,193463.17
47308985000168,2024-04-01,8045.25,160905.0
47308985000168,2024-05-01,9998.43,199968.6
47308985000168,2024-06-01,0.0,0.0
47308985000168,2024-07-01,9293.42,185868.4
47308985000168,2024-08-01,10490.93,209818.65
47308985000168,2024-09-01,11522.32,230446.45
47308985000168,2024-10-01,9706.51,194130.3
47308985000168,2024-11-01,8352.81,167056.15
47308985000168,2024-12-01,8733.6,174672.04
47308985000168,2025-01-01,8343.97,166879.48
47308985000168,2025-02-01,8854.29,177085.71
47308985000168,2025-03-01,9090.58,181811.53
47308985000168,2025-04-01,10475.75,209514.92
47308985000168,2025-05-01,10074.45,201488.94
47308985000168,2025-06-01,0.0,0.0
47308985000168,2025-07-01,9223.66,184473.27
47308985000168,2025-08-01,9162.82,183256.48
47308985000168,2025-09-01,9395.11,187902.24
47308985000168,2025-10-01,10870.9,217418.09
95320121000156,2023-11-01,2985.69,59713.78
95320121000156,2023-12-01,5117.37,102347.41
95320121000156,2024-01-01,3453.62,69072.41
95320121000156,2024-02-01,5173.73,103474.61
95320121000156,2024-03-01,4454.28,89085.61
95320121000156,2024-04-01,4141.35,82826.94
95320121000156,2024-05-01,3616.22,72324.35
95320121000156,2024-06-01,3660.58,73211.54
95320121000156,2024-07-01,4109.74,82194.72
95320121000156,2024-08-01,4061.85,81237.02
95320121000156,2024-09-01,4073.6,81471.96
95320121000156,2024-10-01,3841.08,76821.68
95320121000156,2024-11-01,3780.2,75604.03
95320121000156,2024-12-01,4448.7,88974.05
95320121000156,2025-01-01,4718.91,94378.27
95320121000156,2025-02-01,3940.11,78802.17
95320121000156,2025-03-01,3263.98,65279.63
95320121000156,2025-04-01,4507.57,90151.44
95320121000156,2025-05-01,2822.34,56446.74
95320121000156,2025-06-01,3887.37,77747.38
95320121000156,2025-07-01,3959.32,79186.34
95320121000156,2025-08-01,4445.74,88914.85
95320121000156,2025-09-01,4705.94,94118.84
95320121000156,2025-10-01,4981.3,99626.03
31831063000157,2023-11-01,2247.71,44954.16
31831063000157,2023-12-01,1465.55,29311.08
31831063000157,2024-01-01,1369.4,27388.08
31831063000157,2024-02-01,1835.38,36707.7
31831063000157,2024-03-01,1933.45,38669.0
31831063000157,2024-04-01,1563.43,31268.69
31831063000157,2024-05-01,1298.5,25969.9
31831063000157,2024-06-01,1434.76,28695.15
31831063000157,2024-07-01,1829.25,36584.96
31831063000157,2024-08-01,1433.62,28672.39
31831063000157,2024-09-01,1717.79,34355.8
31831063000157,2024-10-01,1984.75,39695.02
31831063000157,2024-11-01,2345.51,46910.26
31831063000157,2024-12-01,1520.97,30419.47
31831063000157,2025-01-01,1274.91,25498.15
31831063000157,2025-02-01,2031.38,40627.57
31831063000157,2025-03-01,1576.9,31538.03
31831063000157,2025-04-01,1785.95,35718.97
31831063000157,2025-05-01,1288.72,25774.49
31831063000157,2025-06-01,1705.33,34106.51
31831063000157,2025-07-01,1226.57,24531.35
31831063000157,2025-08-01,1200.62,24012.45
31831063000157,2025-09-01,1302.51,26050.17
31831063000157,2025-10-01,2265.93,45318.63
57683626000136,2023-11-01,2366.71,47334.25
57683626000136,2023-12-01,3143.35,62866.94
57683626000136,2024-01-01,2482.39,49647.75
57683626000136,2024-02-01,2386.86,47737.23
57683626000136,2024-03-01,0.0,0.0
57683626000136,2024-04-01,3252.69,65053.72
57683626000136,2024-05-01,3208.55,64170.92
57683626000136,2024-06-01,3435.32,68706.34
57683626000136,2024-07-01,3531.22,70624.37
57683626000136,2024-08-01,2141.24,42824.75
57683626000136,2024-09-01,3772.34,75446.8
57683626000136,2024-10-01,2672.07,53441.47
57683626000136,2024-11-01,2543.85,50876.91
57683626000136,2024-12-01,3078.59,61571.84
57683626000136,2025-01-01,3218.15,64363.07
57683626000136,2025-02-01,3198.07,63961.41
57683626000136,2025-03-01,3719.02,74380.32
57683626000136,2025-04-01,3654.98,73099.5
57683626000136,2025-05-01,2614.56,52291.21
57683626000136,2025-06-01,2185.95,43719.0
57683626000136,2025-07-01,2252.67,45053.43
57683626000136,2025-08-01,2384.03,47680.51
57683626000136,2025-09-01,3044.56,60891.11
57683626000136,2025-10-01,2292.99,45859.72
99949389000144,2023-11-01,7837.91,156758.18
99949389000144,2023-12-01,9201.11,184022.13
99949389000144,2024-01-01,6849.97,136999.4
99949389000144,2024-02-01,7214.34,144286.75
99949389000144,2024-03-01,8957.85,179157.02
99949389000144,2024-04-01,9032.04,180640.78
99949389000144,2024-05-01,7831.41,156628.23
99949389000144,2024-06-01,7514.12,150282.39
99949389000144,2024-07-01,8362.4,167247.9
99949389000144,2024-08-01,7853.84,157076.88
99949389000144,2024-09-01,7702.95,154058.93
99949389000144,2024-10-01,8086.06,161721.12
99949389000144,2024-11-01,0.0,0.0
99949389000144,2024-12-01,7012.64,140252.78
99949389000144,2025-01-01,8764.81,175296.17
99949389000144,2025-02-01,8738.99,174779.72
99949389000144,2025-03-01,7913.98,158279.68
99949389000144,2025-04-01,7148.32,142966.34
99949389000144,2025-05-01,9427.21,188544.11
99949389000144,2025-06-01,8689.31,173786.13
99949389000144,2025-07-01,7695.11,153902.26
99949389000144,2025-08-01,7644.01,152880.28
99949389000144,2025-09-01,8364.29,167285.85
99949389000144,2025-10-01,0.0,0.0
96977837000119,2023-11-01,3780.91,75618.24
96977837000119,2023-12-01,3851.48,77029.57
96977837000119,2024-01-01,4113.93,82278.58
96977837000119,2024-02-01,4141.28,82825.54
96977837000119,2024-03-01,3782.51,75650.28
96977837000119,2024-04-01,4002.53,80050.52
96977837000119,2024-05-01,3617.67,72353.35
96977837000119,2024-06-01,3670.47,73409.32
96977837000119,2024-07-01,3782.66,75653.16
96977837000119,2024-08-01,3929.22,78584.47
96977837000119,2024-09-01,4058.11,81162.25
96977837000119,2024-10-01,3717.57,74351.32
96977837000119,2024-11-01,4277.57,85551.49
96977837000119,2024-12-01,3583.35,71666.98
96977837000119,2025-01-01,4121.77,82435.46
96977837000119,2025-02-01,4283.03,85660.63
96977837000119,2025-03-01,3608.04,72160.79
96977837000119,2025-04-01,3703.79,74075.81
96977837000119,2025-05-01,4155.14,83102.82
96977837000119,2025-06-01,4036.42,80728.38
96977837000119,2025-07-01,3959.37,79187.36
96977837000119,2025-08-01,3832.1,76642.09
96977837000119,2025-09-01,4003.19,80063.89
96977837000119,2025-10-01,3581.69,71633.75
91756179000191,2023-11-01,6140.59,122811.85
91756179000191,2023-12-01,5856.88,117137.64
91756179000191,2024-01-01,6007.31,120146.29
91756179000191,2024-02-01,6320.82,126416.36
91756179000191,2024-03-01,6468.56,129371.17
91756179000191,2024-04-01,6143.65,122872.97
91756179000191,2024-05-01,6259.95,125199.06
91756179000191,2024-06-01,6463.8,129276.09
91756179000191,2024-07-01,5904.19,118083.77
91756179000191,2024-08-01,5654.62,113092.48
91756179000191,2024-09-01,5473.77,109475.32
91756179000191,2024-10-01,6251.24,125024.72
91756179000191,2024-11-01,0.0,0.0
91756179000191,2024-12-01,6059.59,121191.82
91756179000191,2025-01-01,5338.64,106772.76
91756179000191,2025-02-01,5506.14,110122.85
91756179000191,2025-03-01,6491.83,129836.63
91756179000191,2025-04-01,6496.39,129927.79
91756179000191,2025-05-01,6362.17,127243.36
91756179000191,2025-06-01,6353.04,127060.74
91756179000191,2025-07-01,5429.73,108594.56
91756179000191,2025-08-01,5416.82,108336.41
91756179000191,2025-09-01,6086.46,121729.24
91756179000191,2025-10-01,6058.91,121178.22
32969840000178,2023-11-01,4251.18,85023.69
32969840000178,2023-12-01,3666.6,73331.95
32969840000178,2024-01-01,3636.42,72728.37
32969840000178,2024-02-01,4409.06,88181.18
32969840000178,2024-03-01,3514.13,70282.69
32969840000178,2024-04-01,3711.07,74221.31
32969840000178,2024-05-01,4714.59,94291.76
32969840000178,2024-06-01,3900.68,78013.7
32969840000178,2024-07-01,4910.46,98209.19
32969840000178,2024-08-01,4143.26,82865.25
32969840000178,2024-09-01,4169.79,83395.83
32969840000178,2024-10-01,5030.41,100608.12
32969840000178,2024-11-01,4685.02,93700.47
32969840000178,2024-12-01,4485.79,89715.83
32969840000178,2025-01-01,3787.23,75744.62
32969840000178,2025-02-01,3872.87,77457.49
32969840000178,2025-03-01,5109.85,102197.02
32969840000178,2025-04-01,4274.2,85484.05
32969840000178,2025-05-01,5069.07,101381.48
32969840000178,2025-06-01,3715.55,74311.03
32969840000178,2025-07-01,4115.22,82304.34
32969840000178,2025-08-01,4884.42,97688.38
32969840000178,2025-09-01,4628.12,92562.38
32969840000178,2025-10-01,4551.78,91035.62
42857966000130,2023-11-01,6687.93,133758.52
42857966000130,2023-12-01,6775.24,135504.87
42857966000130,2024-01-01,6083.21,121664.17
42857966000130,2024-02-01,6346.56,126931.27
42857966000130,2024-03-01,6075.47,121509.43
42857966000130,2024-04-01,6838.61,136772.29
42857966000130,2024-05-01,6328.02,126560.45
42857966000130,2024-06-01,6333.97,126679.41
42857966000130,2024-07-01,6370.34,127406.71
42857966000130,2024-08-01,6951.33,139026.61
42857966000130,2024-09-01,5868.26,117365.17
42857966000130,2024-10-01,6421.13,128422.61
42857966000130,2024-11-01,6566.27,131325.37
42857966000130,2024-12-01,6910.25,138204.91
42857966000130,2025-01-01,5722.19,114443.86
42857966000130,2025-02-01,0.0,0.0
42857966000130,2025-03-01,5777.66,115553.14
42857966000130,2025-04-01,6342.87,126857.48
42857966000130,2025-05-01,6335.83,126716.56
42857966000130,2025-06-01,6590.17,131803.46
42857966000130,2025-07-01,6380.82,127616.46
42857966000130,2025-08-01,6052.57,121051.46
42857966000130,2025-09-01,6348.82,126976.42
42857966000130,2025-10-01,6724.78,134495.61
72043515000158,2023-11-01,5810.66,116213.2
72043515000158,2023-12-01,5883.09,117661.8
72043515000158,2024-01-01,5495.06,109901.13
72043515000158,2024-02-01,6229.9,124598.09
72043515000158,2024-03-01,5420.01,108400.28
72043515000158,2024-04-01,5273.23,105464.51
72043515000158,2024-05-01,5203.59,104071.76
72043515000158,2024-06-01,5892.47,117849.44
72043515000158,2024-07-01,5155.19,103103.85
72043515000158,2024-08-01,5153.69,103073.82
72043515000158,2024-09-01,5536.79,110735.89
72043515000158,2024-10-01,6080.34,121606.85
72043515000158,2024-11-01,5565.54,111310.83
72043515000158,2024-12-01,6138.55,122771.01
72043515000158,2025-01-01,5275.59,105511.81
72043515000158,2025-02-01,5523.44,110468.7
72043515000158,2025-03-01,5739.17,114783.33
72043515000158,2025-04-01,6254.61,125092.11
72043515000158,2025-05-01,5707.51,114150.3
72043515000158,2025-06-01,5204.06,104081.14
72043515000158,2025-07-01,5331.37,106627.33
72043515000158,2025-08-01,6024.16,120483.24
72043515000158,2025-09-01,5910.83,118216.56
72043515000158,2025-10-01,0.0,0.0
46231783000191,2023-11-01,6178.24,123564.84
46231783000191,2023-12-01,6559.27,131185.44
46231783000191,2024-01-01,8068.17,161363.34
46231783000191,2024-02-01,7026.89,140537.8
46231783000191,2024-03-01,7543.82,150876.44
46231783000191,2024-04-01,6390.88,127817.56
46231783000191,2024-05-01,7487.73,149754.62
46231783000191,2024-06-01,5719.49,114389.8
46231783000191,2024-07-01,6886.99,137739.9
46231783000191,2024-08-01,5998.76,119975.12
46231783000191,2024-09-01,8206.49,164129.86
46231783000191,2024-10-01,5694.83,113896.5
46231783000191,2024-11-01,6282.17,125643.31
46231783000191,2024-12-01,6406.01,128120.28
46231783000191,2025-01-01,5527.04,110540.74
46231783000191,2025-02-01,7057.01,141140.17
46231783000191,2025-03-01,7219.16,144383.27
46231783000191,2025-04-01,7133.76,142675.22
46231783000191,2025-05-01,7631.76,152635.18
46231783000191,2025-06-01,7983.62,159672.35
46231783000191,2025-07-01,0.0,0.0
46231783000191,2025-08-01,6633.75,132674.94
46231783000191,2025-09-01,6458.65,129173.01
46231783000191,2025-10-01,7919.64,158392.71
84752529000138,2023-11-01,8887.98,177759.69
84752529000138,2023-12-01,8820.83,176416.54
84752529000138,2024-01-01,7104.11,142082.18
84752529000138,2024-02-01,7795.52,155910.39
84752529000138,2024-03-01,9576.2,191524.02
84752529000138,2024-04-01,0.0,0.0
84752529000138,2024-05-01,7188.77,143775.3
84752529000138,2024-06-01,7773.74,155474.9
84752529000138,2024-07-01,7920.01,158400.13
84752529000138,2024-08-01,8314.04,166280.82
84752529000138,2024-09-01,8495.88,169917.61
84752529000138,2024-10-01,8349.88,166997.62
84752529000138,2024-11-01,8577.15,171543.08
84752529000138,2024-12-01,7382.71,147654.25
84752529000138,2025-01-01,9426.34,188526.88
84752529000138,2025-02-01,9123.06,182461.24
84752529000138,2025-03-01,7901.64,158032.86
84752529000138,2025-04-01,9482.76,189655.24
84752529000138,2025-05-01,8924.12,178482.44
84752529000138,2025-06-01,6783.45,135668.97
84752529000138,2025-07-01,7454.74,149094.75
84752529000138,2025-08-01,7597.3,151946.07
84752529000138,2025-09-01,7898.93,157978.69
84752529000138,2025-10-01,9189.37,183787.38
53524491000117,2023-11-01,3628.09,72561.84
53524491000117,2023-12-01,4460.1,89201.99
53524491000117,2024-01-01,5164.65,103293.07
53524491000117,2024-02-01,4760.13,95202.65
53524491000117,2024-03-01,0.0,0.0
53524491000117,2024-04-01,3613.14,72262.83
53524491000117,2024-05-01,3265.49,65309.78
53524491000117,2024-06-01,5159.17,103183.36
53524491000117,2024-07-01,4312.16,86243.16
53524491000117,2024-08-01,3065.31,61306.17
53524491000117,2024-09-01,3119.68,62393.63
53524491000117,2024-10-01,4954.31,99086.22
53524491000117,2024-11-01,3332.99,66659.82
53524491000117,2024-12-01,4690.94,93818.86
53524491000117,2025-01-01,3015.6,60312.06
53524491000117,2025-02-01,5333.94,106678.84
53524491000117,2025-03-01,5555.74,111114.89
53524491000117,2025-04-01,4578.84,91576.8
53524491000117,2025-05-01,3037.69,60753.77
53524491000117,2025-06-01,5032.0,100639.99
53524491000117,2025-07-01,5403.08,108061.52
53524491000117,2025-08-01,5352.59,107051.78
53524491000117,2025-09-01,4797.06,95941.14
53524491000117,2025-10-01,3846.5,76930.1
40742311000114,2023-11-01,5390.38,107807.63
40742311000114,2023-12-01,5464.85,109297.09
40742311000114,2024-01-01,5184.51,103690.19
40742311000114,2024-02-01,5425.9,108518.05
40742311000114,2024-03-01,5615.93,112318.58
40742311000114,2024-04-01,5214.61,104292.24
40742311000114,2024-05-01,5301.8,106035.95
40742311000114,2024-06-01,6156.33,123126.52
40742311000114,2024-07-01,5866.04,117320.84
40742311000114,2024-08-01,6053.65,121073.0
40742311000114,2024-09-01,6038.87,120777.32
40742311000114,2024-10-01,5767.45,115348.94
40742311000114,2024-11-01,6188.37,123767.34
40742311000114,2024-12-01,5588.93,111778.69
40742311000114,2025-01-01,5509.47,110189.4
40742311000114,2025-02-01,6169.03,123380.62
40742311000114,2025-03-01,5211.88,104237.64
40742311000114,2025-04-01,5750.2,115003.99
40742311000114,2025-05-01,6287.75,125755.07
40742311000114,2025-06-01,5259.38,105187.58
40742311000114,2025-07-01,5449.62,108992.34
40742311000114,2025-08-01,6193.61,123872.12
40742311000114,2025-09-01,6284.08,125681.58
40742311000114,2025-10-01,6112.71,122254.24
52339391000161,2023-11-01,1383.2,27664.08
52339391000161,2023-12-01,1189.41,23788.23
52339391000161,2024-01-01,1226.13,24522.65
52339391000161,2024-02-01,1236.51,24730.2
52339391000161,2024-03-01,1324.22,26484.5
52339391000161,2024-04-01,1289.66,25793.3
52339391000161,2024-05-01,1386.55,27731.07
52339391000161,2024-06-01,1351.44,27028.84
52339391000161,2024-07-01,1283.17,25663.37
52339391000161,2024-08-01,1154.86,23097.3
52339391000161,2024-09-01,0.0,0.0
52339391000161,2024-10-01,1266.85,25336.94
52339391000161,2024-11-01,1301.49,26029.89
52339391000161,2024-12-01,1231.92,24638.46
52339391000161,2025-01-01,1349.41,26988.24
52339391000161,2025-02-01,1160.36,23207.2
52339391000161,2025-03-01,1324.54,26490.83
52339391000161,2025-04-01,1173.43,23468.63
52339391000161,2025-05-01,1238.06,24761.28
52339391000161,2025-06-01,1324.5,26490.02
52339391000161,2025-07-01,1294.34,25886.77
52339391000161,2025-08-01,1227.3,24546.05
52339391000161,2025-09-01,1331.58,26631.59
52339391000161,2025-10-01,1307.89,26157.8
45935572000118,2023-11-01,5500.63,110012.61
45935572000118,2023-12-01,6111.81,122236.28
45935572000118,2024-01-01,6221.76,124435.29
45935572000118,2024-02-01,5988.71,119774.16
45935572000118,2024-03-01,5656.7,113133.98
45935572000118,2024-04-01,5445.49,108909.84
45935572000118,2024-05-01,6412.17,128243.35
45935572000118,2024-06-01,5756.47,115129.33
45935572000118,2024-07-01,0.0,0.0
45935572000118,2024-08-01,6004.52,120090.45
45935572000118,2024-09-01,6434.23,128684.5
45935572000118,2024-10-01,5961.17,119223.42
45935572000118,2024-11-01,5461.14,109222.75
45935572000118,2024-12-01,5575.7,111514.06
45935572000118,2025-01-01,5493.2,109863.97
45935572000118,2025-02-01,5400.04,108000.82
45935572000118,2025-03-01,6047.73,120954.55
45935572000118,2025-04-01,5821.22,116424.49
45935572000118,2025-05-01,5589.29,111785.78
45935572000118,2025-06-01,5597.66,111953.29
45935572000118,2025-07-01,5297.14,105942.71
45935572000118,2025-08-01,6157.74,123154.75
45935572000118,2025-09-01,6336.57,126731.48
45935572000118,2025-10-01,5741.3,114825.98
